MAE,MSE,RMSE
696.1454585097351,694717.4141640408,833.4970990735605
